{"cameraMode":{"drawMode":0,"name":"Shaded","section":"Shading Mode"},"sceneLighting":true,"audioPlay":false,"sceneViewState":{"showFog":true,"showMaterialUpdate":true,"showSkybox":true,"showFlares":true,"showImageEffects":true,"showParticleSystems":true},"in2DMode":false,"pivot":{"x":348.4383239746094,"y":227.49395751953126,"z":-67.10860443115235},"rotation":{"x":-0.25540637969970705,"y":0.3380996584892273,"z":-0.09587279707193375,"w":-0.9007043838500977},"size":23.576648712158204,"orthographic":false}