{"cameraMode":{"drawMode":0,"name":"Shaded","section":"Shading Mode"},"sceneLighting":true,"audioPlay":false,"sceneViewState":{"showFog":true,"showMaterialUpdate":true,"showSkybox":true,"showFlares":true,"showImageEffects":true,"showParticleSystems":true},"in2DMode":false,"pivot":{"x":318.6119384765625,"y":213.73257446289063,"z":-84.46248626708985},"rotation":{"x":-0.26670560240745547,"y":0.4725126624107361,"z":-0.15256327390670777,"w":-0.8260316848754883},"size":12.928869247436524,"orthographic":false}